バンド	雑誌名	号数	発売日	分類(Interview/Column/Livereport/Review)	掲載箇所/内容
BN	ARENA37℃	2002/10		L	BAUXiTE page1 at クラブチッタ川崎 ライブレポート(2p) ?
BN	ARENA37℃	2002/8?	2002/07/10		インタビュー?
BN	ARENA37℃	2003/01	2002/11/20	L/I	11月17日SOLO LIVEのLIVE REPORT、インタビュー
BN	B・PASS	2002/10	2002/10/01	L	BAUXiTE page1 at Zepp sendai ライブレポート(3p)
BN	B・PASS	vol.203	2002/10	I	バンプの部分で言及あり？
BN	Barf out!		2003/08/17	C	アーティスト紹介 ?96,97みたが見つからず
BN	CDでーた	2001/12	2001/12/20		インディーズページ・LOFT店長のイチオシ　12.20号なし。つぎ？
BN	CDでーた	2002/3/20	2002/3/20		インタビュー? 5-8月にはなし
BN	CDでーた	2002/6	2002/05/20		ライブレポート ? 載ってない
BN	CUTiE		2002/12/27		カルチャーページ内「2002年カルチャーなんでもランキング」で新宿LOFT東田店長より「2002年ベストライブ３」でBURGER NUDSが紹介
BN	FRUIGE	Vol.14 (2001/12)	2001/10/29	I	インタビュー(1p)
BN	Gb	2001/12	2001/10/22	I	インタビュー(1p)
BN	Gb	2001/9	2001/07/22	I	インタビュー(1/2p)
BN	Gb	2003/5	2003/03/22	I	インタビュー(1p)
BN	Gbm	2003/10	2003/08/22	I	インタビュー(1/3p)
BN	H	Vol.63 (2003/10)	2003/08/30	I	インタビュー(2p)
BN	happy days		2001/10/30		フリーペーパー. 巻頭企画@TSUTAYAという企画(写真１P)
BN	JamSpot? (山野楽器フリーペーパー)	2001/6?	2001/07/10	R	レビュー
BN	JUNGLE☆LIFE	No.50	2001/08/01		インタビュー
BN	JUNGLE☆LIFE	たぶんvol49	2001/10/06		
BN	JUNON		2002/6		インタビュー/アーティスト紹介
BN	MA (九州のフリーペーパー)	2001/10?	2001/10?	?	レビュー?
BN	MA (九州のフリーペーパー)	2001/6?	2001/6	?	イベント(01/7/14)について 1p (https://web.archive.org/web/20030613131332/http://telescope-label.com/cx/htm/wwwboard/messages/130.html)
BN	makers		2002/12/22	I	タワーレコード･新星堂等で無料配布 インタビュー
BN	MUSICA	Vol.122(2017/7)		R	ディスクレビュー(Act2)(1/2p)
BN	Olive	2002/9?			ボーキサイトのライブレポ? みつからず
BN	Player	2014/9		I	メンバー3人の使用機材について写真＋インタビュー(4p)
BN	Quip	vol.24		C	PICK UP ARTIST(1/4p)
BN	Quip	vol.26	2001/10/22	I	インタビュー(初登場)(4p)
BN	Quip	vol.28		I	インタビュー(3p)
BN	Quip	vol.30		I/L/C	ボイスメッセージ、BAUXiTE page1 レポート(2p)、インタビュー(4p)、コラム#1(1/2p)、ディスクレビュー(kageokuri)
BN	Quip	vol.31		L/C	ライブレポート(1/2p)、コラム#2(1/2p)
BN	Quip	vol.32		C	コラム#3(1/2p)
BN	Quip	vol.33		I/L/C	ボイスメッセージ、インタビュー(4p)、ライブレポート(1/2p)、コラム#4(1/2p)
BN	Quip	vol.34		I/L/C/R	ボイスメッセージ、インタビュー(5p)、コラム#5(1/2p)、ディスクレビュー(symphony)
BN	Quip	vol.35		L/C	ライブレポート(1/2p)、コラム#6(1/2p)
BN	Quip	vol.37		I/C/R	ボイスメッセージ、インタビュー(解散・BESTについて)(5p)、コラム#7最終回(1/2p)、ディスクレビュー(BEST)
BN	Quip	vol.38		L	ライブレポート[ラストライブ](1/3p)
BN	ROCKIN'ON JAPAN	vol.213	2001/12	I	CHECK IT OUT!インタビュー(2p)
BN	ROCKIN'ON JAPAN	vol.214?			「線」レビュー?
BN	ROCKIN'ON JAPAN	vol.216 2002/2	2002/1		レポート 2001/12/16 at 新宿LOFT 1/2p
BN	ROCKIN'ON JAPAN	vol.219	2002/4	I/R	インタビュー(4p)、ディスクレビュー(自己暗示)(1/4p)
BN	ROCKIN'ON JAPAN	vol.228	2002/09/10	I/R	CHECK IT OUT!インタビュー(2p)、ディスクレビュー(kageokuri)(1/6p)
BN	ROCKIN'ON JAPAN	vol.236	2002/12/23	L	11月17日SOLO LIVEのLIVE REPORT
BN	ROCKIN'ON JAPAN	vol.250		I/R	CHECK IT OUT!インタビュー(2p)、ディスクレビュー(symphony)(1/6p)
BN	ROCKIN'ON JAPAN	vol.253	2003/11/20		インタビュー ?
BN	ROCKIN'ON JAPAN	vol.254	2003/12/01	I	CHECK IT OUT!インタビュー(2p)
BN	ROCKIN'ON JAPAN	vol.257	2004/02/20	I	ライブレポート 12/7 at LIQUIDROOM 1/2p
BN	ROCKIN'ON JAPAN	vol.265	2004/08/01	I	ライブレポート 6/21 atLOFT 1/2p
BN	ROCKIN'ON JAPAN	vol.485(2017/7)	2017/05/30	R	SCENE(2p)
BN	Roof Top		2001/10?		線レビュー?
BN	SELDOM / pause	issue 066	2003/08/01	I	インタビュー
BN	SHELBY		2002/04/28		インタビュー・イラスト？掲載されなかった説もある
BN	strange days	No.27 (2001/11)	2001/10/15		レビュー(LOW NAME&線)
BN	UPPER	No.9	2001/10/20		インタビュー1p?
BN	WHAT's IN?	2002/9?			ボーキサイトのライブレポ?
BN	WHAT's IN?	2003/1	2002/12/14	C	コメント(1/10p)
BN	ギブソン 70s ギターガイド		2014/09/30	I	インタビュー(SGについて) (5p)
BN	ストリートジャック		2002/3/21		「自己暗示の日」レビュー?
BN	トイズ イン ザ ハイライン	2003/08		I	インタビュー ?
BN	トイズ イン ザ ハイライン	2003/09		I	インタビュー ?
BN	バンドやろうぜ		2001/12/27		2002年注目バンド・テレスコバンドたち　2002/1。100文字程度コメント。
BN	ぴあ		2001/07/23		レビュー 1/10p Lowname
BN	ぴあ		2001/10/15		掲載なさそう。前後1号のミュージックindexにはない コメント (at 242p)?
BN	ぴあ		2001/10/22		線レビュー 100文字
BN	ぴあ		2001/10/29		ニュース
BN	ぴあ		2003/03/17		ライブ情報? みつからず
BN	ぴあ		2003/03/27		ライブ情報?
BN	ぴあ		2004/02/23		2/21イベントレポート
BN	ぴあ		2003/04/07?		ライブ情報
BN	ぴあ		2003/4/1?	L	2月8日のLIVEイベントのREPORT ?
BN	ミミット (am/pmフリーペーパー)		2001/07/12		直筆メッセージ
BN	音楽と人	2014/5	2014/04/05	I	インタビュー
BN	読売新聞 (日曜版)	12/22/2002	2002/12/22	I	学生記者のインタビュー(w/BUNGEE JUMP FESTIVAL)
GDHM	Audio Fan	Vol.6	2006/10/21	R	レビュー ?
GDHM	BG MAGAZINE		2010/01/10	R	レビュー ?
GDHM	bounce	2007/12	2007/11/25	I	インタビュー(門田 GBC)(1/2p)
GDHM	bounce	Vol.290	2007/08/25	R	レビュー ?
GDHM	bounce		2007/06/25	R	レビュー ?
GDHM	CDジャーナル		2007/08/20	R	レビュー ?
GDHM	Digital Audio Fan		2007/11/21	R	レビュー ?
GDHM	drop (フリーペーパー)	vol.10	2006/07/07		?
GDHM	drop (フリーペーパー)	vol.11	2006/10/13	C	Vo/G門田匡陽コラム
GDHM	EYESCREAM	2007/07?	2007/06/05	R	レビュー ?
GDHM	EYESCREAM	2007/12	2007/11/01	I	門田インタビュー ?
GDHM	EYESCREAM	2010/03?	2010/02/01	R	レビュー ?
GDHM	FLYING POSTMAN PRESS	Vol.96	2007/06/20	I	インタビュー
GDHM	FLYING POSTMAN PRESS<関西版>	Vol.139	2009/05/20	I	門田、内田インタビュー ?
GDHM	GBEV		2007/06/22	R	レビュー ?
GDHM	GBEV		2007/11/22	R	レビュー ?
GDHM	GiGS	2008/01	2007/11/27	I	インタビュー 1p
GDHM	H	Vol.97 (2007/11)	2007/10/30	I	門田インタビュー(4p)
GDHM	JUICE	2009/06		L	4/30ワンマンライブレビュー1/5p
GDHM	JUICE		2006/10/01	R	レビュー ?
GDHM	JUICE		2007/09/01	I	門田インタビュー 1p
GDHM	JUICE		2007/11/01	I	門田インタビュー+10/12ライブレビュー
GDHM	JUICE		2009/04/01	R	 「4人のゴブリン大いに躍る+3」レビュー ?
GDHM	JUICE		2010/01/01	R	JUICE EYE「The Light」レビュー ?
GDHM	JUNGLE☆LIFE	Vol.101	2006/04/01	C	Artist's Voice 門田 (1/2p)
GDHM	JUNGLE☆LIFE	Vol.102	2006/05/01	I	インタビュー(2p)
GDHM	JUNGLE☆LIFE	Vol.103	2006/06/01	C	連載(開始) (1p)
GDHM	JUNGLE☆LIFE	Vol.104	2006/07/01	C	連載 (1p)
GDHM	JUNGLE☆LIFE	Vol.105	2006/08/01	C	連載 (1p)
GDHM	JUNGLE☆LIFE	Vol.106	2006/09/01	C/L	連載 7/25 新宿LOFTライブレポ (1p)
GDHM	JUNGLE☆LIFE	Vol.107	2006/10/01	C	連載 (2p)
GDHM	JUNGLE☆LIFE	Vol.108	2006/11/01	C	連載 (1p)
GDHM	JUNGLE☆LIFE	Vol.109	2006/12/01	C	連載 (1p)
GDHM	JUNGLE☆LIFE	Vol.110	2007/01/01	C/L	連載 (1p), 06/11/26ライブレポ(1/3p)
GDHM	JUNGLE☆LIFE	Vol.111	2007/02/01	C	連載 (1p)
GDHM	JUNGLE☆LIFE	Vol.112	2007/03/01	C	連載 (1p)
GDHM	JUNGLE☆LIFE	Vol.113	2007/04/01	C	連載 (1p)
GDHM	JUNGLE☆LIFE	Vol.114	2007/05/01	C	連載?
GDHM	JUNGLE☆LIFE	Vol.115	2007/06/01	C	連載?
GDHM	JUNGLE☆LIFE	Vol.116	2007/07/01	I	インタビュー(ep1) (2p)
GDHM	JUNGLE☆LIFE	Vol.117	2007/08/01	C	連載 (1p)
GDHM	JUNGLE☆LIFE	Vol.118	2007/09/01	I	インタビュー(ep2) (2p)
GDHM	JUNGLE☆LIFE	Vol.119	2007/10/01	C/L	連載 ライブレポ07/9/15 (1p)
GDHM	JUNGLE☆LIFE	Vol.120	2007/11/01	C/L	連載 (1p) 10/12独演会ライブレポ
GDHM	JUNGLE☆LIFE	Vol.121	2007/12/01	I	表紙, インタビュー(アルバム)(2p)
GDHM	JUNGLE☆LIFE	Vol.123	2008/02/01	R/C	RECORD REVIEW(門田)(1/2p)、連載「オタク訪問」 (1p)
GDHM	JUNGLE☆LIFE	Vol.125	2008/04/01	C/L	連載「オタク訪問」 (1p)、ライブレポート(Memory)(1/3p)
GDHM	JUNGLE☆LIFE	Vol.127	2008/06/01	C	オタク訪問 「4人で5/28にリリースするDVDについて語ってます!」 ?
GDHM	JUNGLE☆LIFE	Vol.129	2008/08/01	L/C	ライブレポート(2008/07/02)(1/3p)、連載「オタク訪問」 (1p)
GDHM	JUNGLE☆LIFE	Vol.133	2008/12/01	C	連載「オタク訪問」 (2p)
GDHM	JUNGLE☆LIFE	Vol.134	2009/01/01	L	ライブレポート(2008/11/24)(1/3p)
GDHM	JUNGLE☆LIFE	Vol.135	2009/02/01	C	連載 (1p)
GDHM	JUNGLE☆LIFE	Vol.137	2009/04/01	R	「4人のゴブリン大いに躍る+3」レビュー
GDHM	JUNGLE☆LIFE	Vol.138	2009/05/01	R	レビュー(陽だまりを越えて)(1p)
GDHM	JUNGLE☆LIFE	Vol.139	2009/06/01	I	インタビュー (門田 陽だまり)(2p)
GDHM	JUNGLE☆LIFE	Vol.140	2009/07/01	C	ARTIST VOICE (門田)(1/2p)
GDHM	JUNGLE☆LIFE	Vol.141	2009/08/01	I	インタビュー (門田&内田 Born Again)(3p)
GDHM	JUNGLE☆LIFE	Vol.147	2010/02/01	I	インタビュー (門田&内田 The Light)(3p)
GDHM	KeLLy		2008/01/23	I	インタビュー ?
GDHM	LAWSON TICKET WITH LOPPI	vol.104	2006/11/15	C	門田匡陽コメント
GDHM	Men's NON-NO		2006/06/10	R	レビュー ?
GDHM	MUSICA	2007/10	2007/09/15	I	インタビュー (門田 ep2)(4p)
GDHM	MUSICA	2007/12	2007/11/15	I	インタビュー (門田&内田 GBC)(4p)
GDHM	MUSICA	2008/11		L	ライブレポート(Good Time Rolls Vol.2 2夜)(1p)
GDHM	MUSICA	2009/06	2009/05/15	R	EXPRESS(陽だまりレビュー)(2p)
GDHM	MUSICA	vol.34 (2010/2)	2010/01/15	R	EXPRESS「Light」レビュー 2p, KickOffTour インタビュー 1/2p, レビュー 1p
GDHM	MUSICA		2007/06/15	R	レビュー
GDHM	MUSICA		2010/03/01	I	Kiiiiiiiiick Off Tour!インタビュー(門田&内田 The Lightツアーに向けて)(2/3p)
GDHM	pas magazine (新潟)		2010/01/10	R	レビュー ?
GDHM	Player		2006/12/02	R	レビュー ?
GDHM	Quip	vol.38		C	PICK UP ARTIST (1/3p)
GDHM	Quip	vol.39		L	ライブレポート(1/4p+1/2p)
GDHM	Quip	vol.40		I/R	音源(キャンプファイヤー)、ボイスメッセージ、インタビュー(初登場)(3p)、ディスクレビュー(4人のゴブリン)
GDHM	Quip	vol.41		I/R	ボイスメッセージ、インタビュー(3p)、ディスクレビュー(Most)
GDHM	Quip	vol.44		I/R	ボイスメッセージ、インタビュー(4p)、ディスクレビュー(Most)
GDHM	Quip	vol.45		L	ライブレポート(1/2p)
GDHM	Quip	vol.46	2006/10/24	I	インタビュー ?
GDHM	Quip	vol.49	2007/07/25	I/R	ボイスメッセージ、インタビュー(3p)、ディスクレビュー(ep1)
GDHM	Quip	vol.50	2007/10/01	I/R	ボイスメッセージ、インタビュー(4p)、ディスクレビュー(GOLDENBELLCITY)
GDHM	Quip	vol.56		I/R/C	ボイスメッセージ、インタビュー(4p)、コラム#1(1/2p)、ディスクレビュー(陽だまり)
GDHM	Quip	vol.57		I/R/C	ボイスメッセージ、インタビュー(3p)、コラム#2(1/2p)、ディスクレビュー(Born Again)
GDHM	Quip	vol.58		C	コラム#3(1/2p)
GDHM	Quip	vol.59		I	インタビュー
GDHM	ROCKIN'ON JAPAN	COUNTDOWN JAPAN 08/09		L	ライブレポート ?
GDHM	ROCKIN'ON JAPAN	vol.298		C/R	NEW COMER(2p)、ディスクレビュー(Most)
GDHM	ROCKIN'ON JAPAN	vol.299	2006/06/20	I	インタビュー(4p)
GDHM	ROCKIN'ON JAPAN	vol.304	2006/09/20	I	インタビュー(4p)
GDHM	ROCKIN'ON JAPAN	vol.308	2006/12/20	L	ライブレポート(06/11/26)(1/2p)
GDHM	ROCKIN'ON JAPAN	vol.316 (2007/7)	2007/06/20	I/R	インタビュー(4p)、ディスクレビュー(ep1)
GDHM	ROCKIN'ON JAPAN	vol.320 (RIJF07)		L	ライブレポート(1/3p)
GDHM	ROCKIN'ON JAPAN	vol.324 (2007/12)	2007/11/20	I/R	インタビュー(6p)、ディスクレビュー(GOLDEN)
GDHM	ROCKIN'ON JAPAN	vol.351 (2009/6)	2009/05/20	I/R	インタビュー(4p)、ディスクレビュー(陽だまり)
GDHM	ROCKIN'ON JAPAN	vol.363	2010/02/25	R	レビュー
GDHM	ROCKIN'ON JAPAN	vol.384	2011/04/30	R	レビュー?
GDHM	ROCKS	No.2	2007/06/27	I	インタビュー ? v2ではない。てかほんとにRocksか
GDHM	Roof Top		2006/10/01	R	レビュー ?
GDHM	Roof Top		2007/06/01	I	インタビュー ?
GDHM	Roof Top		2007/09/01	I	門田インタビュー ?
GDHM	Roof Top		2007/12/01	I	表紙, インタビュー ?
GDHM	Roof Top		2009/12/01	I	12/31@新宿LOFT出演 3バンド(a flood of circle,UNCHAIN,GDHM)インタビュー ?
GDHM	Roof Top		2010/02/01	R	レビュー ?
GDHM	ROOTS magazine		2006/11/01	C	東海地区月刊誌 Dr内田武瑠イラストPICUP
GDHM	salida (関西)	No.24	2007/06/25	I	インタビュー(ep1)(1/2p)
GDHM	spygirl (関西)	No.29	2007/06/23	I	インタビュー ?
GDHM	SpyMaster関西版		2007/11/30	I	インタビュー ?
GDHM	Talking Rock!	004	2007/11/30	I	インタビュー(Album/7p)
GDHM	VA (TSUTAYA フリーマガジン)		2006/12/20	I	インタビュー ?
GDHM	VA (TSUTAYA フリーマガジン)		2007/06/20	I	門田インタビュー
GDHM	VA (TSUTAYA フリーマガジン)		2007/08/20	I	門田インタビュー
GDHM	VA (TSUTAYA フリーマガジン)		2007/11/20	I	門田インタビュー ?
GDHM	WHAT'S IN	Vol.147	2010/01/14	R	レビュー ?
GDHM	Zipper		2010/01/26	R	レビュー ?
GDHM	ぴあ		2006/09/28	R	レビュー ?
GDHM	ぴあ		2007/11/29	I	門田インタビュー 1/2p
GDHM	ぴあ (関西版)	No.625	2007/07/12	I	インタビュー1/2p
GDHM	音楽と人	2007/07	2007/06/05	I	インタビュー(門田 ep1)(2p)
GDHM	音楽と人	2007/10	2007/09/05	I	インタビュー(門田 ep2)(2p)
GDHM	音楽と人	vol.(2007/12)	2007/11/05	I	門田インタビュー (2p)
GDHM	音楽と人	vol.194(2009/09)	2009/08/05	I	門田インタビュー (2p)
GDHM	音楽と人	vol.(2010/02)		R	レビュー ?
GDHM	関西版 Bi-Weeklyぴあ		2006/10/05	R	レビュー ?
PtM	DI:GA	2013/11		I	インタビュー
PtM	eggmanマンスリーマガジン		2016/02/01	C	D&D ライナーノーツ
PtM	eggmanマンスリーマガジン		2016/03/01	I	冬盤インタビュー
PtM	Guitar magazine	2013/11	2013/10/12	R	レビュー (White White White)?
PtM	JUNGLE☆LIFE	vol.? (2015/10)		I	インタビュー (秋盤)
PtM	JUNGLE☆LIFE	vol.187	2013/06/01	L	ライブレポート(2013/5/7)(1/3p)
PtM	JUNGLE☆LIFE	vol.190	2013/09/01	C	ARTIST VOICE(1/3p)
PtM	JUNGLE☆LIFE	vol.191	2013/10/01	I	インタビュー (White White White)(2p)
PtM	JUNGLE☆LIFE	vol.201 (2014/08)		L	ライブレポート(BN6/21&PtM6/29)(2p)
PtM	JUNGLE☆LIFE	vol.206 (2015/01)		I	インタビュー (prologue)(2p)
PtM	JUNGLE☆LIFE	vol.208 (2015/03)		I	ライプレポート (prologue)(1p)
PtM	JUNGLE☆LIFE	vol.209 (2015/04)		I	インタビュー (春盤)(2p)
PtM	JUNGLE☆LIFE	vol.212 (2015/07)		I	インタビュー (夏盤) ?
PtM	JUNGLE☆LIFE	vol.216	2015/11/11	L/I	表紙・festival M.O.N-美学の勝利-」ライブレポート・秋盤インタビュー ?
PtM	JUNGLE☆LIFE	vol.219 (2016/01)	2016/02/10	I	(表紙) インタビュー(冬盤)(4p)
PtM	Lips		2013/09/23	R	レビュー (White White White)?
PtM	music Up's	vol.109	2013/09/20	I	「White White White」インタビュー
PtM	music Up's	vol.125	2015/01/20	I	
PtM	music Up's	vol.127	2015/03/20	I	
PtM	music Up's	vol.130	2015/06/20	I	
PtM	music Up's	vol.134	2015/10/20	I	
PtM	music Up's	vol.135	2015/11/20	L	
PtM	music Up's	138	2016/02/20	I	
PtM	MUSICA	2013/11	2013/10/15	I	インタビュー (White White White) 4p
PtM	MUSICA	Vol.78	2013/09/14	R	レビュー(White White White)?
PtM	pas magazine	vol.132 (2013/12)		I	インタビュー (White White White)(1/2p)
PtM	player		2013/10/02	R	レビュー (White White White)?
PtM	Rhythm&Drums magazine		2013/10/12	R	レビュー (White White White, NEWSページにて)?
PtM	Skream!		2015/04/01	I	インタビュー (春盤) ?
PtM	Skream!		2015/07/01	I	インタビュー (夏盤) ?
PtM	Skream!		2015/07/01	I	インタビュー (夏盤) ?
PtM	Skream!		2015/08/01	I	Poet-type.M特別号 インタビュー
PtM	Skream!		2015/10/01	I	インタビュー (秋盤) ?
PtM	Skream!		2015/12/01	L	festival M.O.N -美学の勝利- ?
PtM	Soup		2013/09/23	R	レビュー (White White White)?
PtM	WHAT's IN?	2013/11		I	インタビュー (White White White)(1p)
PtM	音楽と人	2013/11		I	インタビュー (White White White)(2p)
PtM	月刊にいがた	vol.458	2014/11/25	R	レビュー (White White White)(1/3p)
その他	MUSICA	2016/2	2016/01/15	I	BUMP OF CHICKEN(藤原)のインタビューで門田について言及がある
ソロ	JUICE		2011/05/01	R	ディスクレビュー ?
ソロ	JUNGLE☆LIFE	vol.162	2011/05	C	ARTIST VOICE(1/2p)
ソロ	JUNGLE☆LIFE	vol.163	2011/06	I	インタビュー(2p)
ソロ	MUSICA	Vol.50 (2011/06)	2011/06/01	I	インタビュー(KNMN)(4p)
ソロ	Quip	vol.64		I	インタビュー(round up3について1/10p程) (目次にコラム掲載とあるが、実際は無し)
ソロ	ROCKIN'ON JAPAN	vol.384 (2011/06)		I	インタビュー(4p)
ソロ	音楽と人	2011/07		R	リリース情報 ?